document_id,shareholder_name,event_date,previous_votes,previous_power,present_votes,present_power,ticker,source
2.0241E+15,"LIND GLOBAL FUND II LP (""LGF II"") AND THE LIND PARTNERS",1/10/2024,,,0,20000000,14D,new
2.02404E+15,FIL LIMITED,9/04/2024,,,30303030,5.6,3DA,new
2.02502E+15,INDUSTRY SUPER HOLDINGS PTY. LTD.,18/02/2025,,,36406926,5.32,3DA,new
2.02502E+15,HOST-PLUS PTY LIMITED,21/02/2025,,,36406926,5.32,3DA,new
2.02407E+15,PAUL TORRANCE,4/07/2024,,,141466003,49.36,AAL,new
2.02407E+15,SALTER BROTHERS EMERGING COMPANIES LIMITED,5/07/2024,,,22850000,7.9,AAL,new
2.02407E+15,MA FINANCIAL GROUP LIMITED,1/07/2024,,,16000000,5.58,AAL,new
2.02412E+15,REGAL FUNDS MANAGEMENT PTY LTD AND ITS ASSOCIATES,30/12/2024,,,29638913,5.51,AL3,new
2.02409E+15,DAVID SINGLETON AND JILL SINGLETON,10/09/2024,,,32827908,5.3028,ANG,new
2.02503E+15,CITIGROUP GLOBAL MARKETS AUSTRALIA PTY LIMITED,19/03/2025,,,27043837,6.5022,ASB,new
2.02503E+15,HANWHA,18/03/2025,,,,,ASB,new
2.02503E+15,STATE STREET CORPORATION,20/03/2025,,,21273225,5.11,ASB,new
2.02504E+15,JARDEN AUSTRALIA PTY LIMITED,8/04/2025,,,,,ASB,new
2.02411E+15,IDA PRATIGNJO LAU,22/11/2024,,,11807256,8.16,BMH,new
2.02504E+15,MUTUAL STREET PTY LTD,22/04/2025,,,12707614,8.78,BMH,new
2.02502E+15,PHOENIX PORTFOLIOS PTY LTD,25/02/2025,,,2203337,5.32,BOL,new
2.02409E+15,PATRICK JOHN TALLON AND ASSOCIATES,13/09/2024,,,97620806,19.23,CVL,new
2.02409E+15,JAMES FINBARR FITZGERALD AND OLIVE THERESA FITZGERALD AS TRUSTEES FOR THE JF AND OT FITZGERALD FAMILY TRUST,13/09/2024,,,97720806,19.25,CVL,new
2.02407E+15,AUSTRALIAN MEAT INDUSTRY SUPERANNUATION PTY LTD AS TRUSTEE FOR AUSTRALIAN MEAT INDUSTRY SUPERANNUATION TRUST,12/07/2024,,,27633000,19.87,DDB,new
2.02408E+15,HARVEST LANE ASSET MANAGEMENT PTY LTD,5/08/2024,,,7148223,5.14,DDB,new
2.02505E+15,STATE STREET CORPORATION,2/05/2025,,,45871215,5.25,DRO,new
2.02504E+15,STATE STREET CORPORATION,30/04/2025,,,45641593,5.22,DRO,new
2.02504E+15,JPMORGAN CHASE & CO. AND ITS AFFILIATES,28/04/2025,,,46373343,5.31,DRO,new
2.02412E+15,VANGUARD GROUP,27/12/2024,,,47669725,5.466,DRO,new
2.02501E+15,STATE STREET CORPORATION AND SUBSIDIARIES NAMED IN PARAGRAPH 7 TO THIS FORM,14/01/2025,,,44086785,5.06,DRO,new
2.02501E+15,J P MORGAN CHASE & CO. AND ITS AFFILIATES,21/01/2025,,,44114341,5.06,DRO,new
2.02502E+15,J P MORGAN CHASE & CO. AND ITS AFFILIATES,4/02/2025,,,46152928,5.29,DRO,new
2.02502E+15,REGAL FUNDS MANAGEMENT PTY LTD AND ITS ASSOCIATES,24/02/2025,,,49623248,5.69,DRO,new
2.02406E+15,EACH OF THE PARTIES SET OUT IN ITEM 7,12/06/2024,,,1451382,5.01,ECL,new
2.02403E+15,EACH OF THE PARTIES SET OUT IN ITEM 7,8/03/2024,,,1641028,5.315,ECL,new
2.02405E+15,CHALLENGER LIMITED,2/05/2024,,,18724807,5.01,EGL,new
2.02405E+15,GREENCAPE CAPITAL PTY LTD,2/05/2024,,,18724807,5.01,EGL,new
2.02409E+15,M&G INVESTMENTS (SINGAPORE) PTE. LTD.,2/09/2024,,,481927803,10.06,FBR,new
2.02407E+15,SCHRODER INVESTMENT MANAGEMENT AUSTRALIA LIMITED,29/07/2024,,,40247189,5.14,FBU,new
2.02504E+15,FOS CAPITAL LIMITED,10/04/2025,,,705,7.05,FOS,new
2.02411E+15,VANGUARD GROUP,22/11/2024,,,13315278,5.021,GWA,new
2.0241E+15,MITSUBISHI UFJ FINANCIAL GROUP INC,28/10/2024,,,13271115,5,GWA,new
2.0241E+15,FIRST SENTIER INVESTORS HOLDINGS PTY LIMITED,25/10/2024,,,13271115,5,GWA,new
2.02402E+15,JWT HOLDINGS PTY LTD,21/02/2024,,,5214403,5.08,HCL,new
2.0241E+15,JAMES FAMILY INVESTMENTS LTD,14/10/2024,,,68000777,14.26,HNG,new
2.02504E+15,H&G HIGH CONVICTION LIMITED,17/04/2025,,,63688260,11.7,HNG,new
2.02406E+15,ROBERT WILLIAM BENTLEY MORRISON,21/06/2024,,,47161034,5.04,IFT,new
2.02405E+15,FIRSTCAPE GROUP LIMITED,1/05/2024,,,51108221,6.14,IFT,new
2.02412E+15,GREENCAPE CAPITAL PTY LTD,4/12/2024,,,5312843,5.12,IPG,new
2.02412E+15,CHALLENGER LIMITED (AND ITS ENTITIES LISTED IN ANNEXURE 2),4/12/2024,,,5312843,5.12,IPG,new
2.02411E+15,MA FINANCIAL GROUP LIMITED,27/11/2024,,,5702984,5.5,IPG,new
2.02411E+15,PLATYPUS ASSET MANAGEMENT,18/11/2024,,,5538634,5.34,IPG,new
2.0241E+15,QVG CAPITAL PTY LTD,8/10/2024,,,5620250,5.42,IPG,new
2.02503E+15,CITIGROUP GLOBAL MARKETS AUSTRALIA PTY LIMITED,25/03/2025,,,-105571,,JLG,new
2.02501E+15,AUSTRALIANSUPER PTY LTD,28/01/2025,,,14418130,5.12,JLG,new
2.02502E+15,STATE STREET CORPORATION AND SUBSIDIARIES NAMED IN PARAGRAPH 7 TO THIS FORM,20/02/2025,,,14304408,5.08,JLG,new
2.02503E+15,STATE STREET CORPORATION,10/03/2025,,,14792800,5.23,JLG,new
2.02503E+15,CITIGROUP GLOBAL MARKETS AUSTRALIA PTY LIMITED,24/03/2025,,,14691818,5.1894,JLG,new
2.02504E+15,STATE STREET CORPORATION,2/04/2025,,,14418450,5.09,JLG,new
2.02504E+15,STATE STREET CORPORATION,30/04/2025,,,15389208,5.44,JLG,new
2.02504E+15,STATE STREET CORPORATION,7/04/2025,,,16714501,5.9,JLG,new
2.02504E+15,STATE STREET CORPORATION AND SUBSIDIARIES NAMED IN PARAGRAPH 7 TO THIS FORM,24/04/2025,,,14949425,5.28,JLG,new
2.02408E+15,FISHER FUNDS MANAGEMENT LIMITED,28/08/2024,,,14020322,5.0339,JLG,new
2.02504E+15,STATE STREET CORPORATION AND SUBSIDIARIES,17/04/2025,,,15749282,5.561,JLG,new
2.02411E+15,PERPETUAL LIMITED AND ITS RELATED BODIES CORPORATE,12/11/2024,,,588266,5.006,KOV,new
2.02409E+15,BLACKROCK GROUP,23/09/2024,,,4913895,5,MND,new
2.0241E+15,BLACKROCK GROUP,1/10/2024,,,4914673,5,MND,new
2.0241E+15,BLACKROCK GROUP,3/10/2024,,,4941769,5.02,MND,new
2.02409E+15,BLACKROCK GROUP,12/09/2024,,,4914089,5,MND,new
2.02504E+15,BLACKROCK GROUP,22/04/2025,,,4961169,5.01,MND,new
2.02503E+15,MAYBANK SECURITIES PTE. LTD.,10/03/2025,,,10000000,7.18,MPW,new
2.02409E+15,STATE STREET CORPORATION AND SUBSIDIARIES,12/09/2024,,,22799881,5.01,NWH,new
2.02409E+15,STATE STREET CORPORATION AND SUBSIDIARIES NAMED IN PARAGRAPH 7 TO THIS FORM,6/09/2024,,,22848225,5.02,NWH,new
2.02411E+15,STATE STREET CORPORATION AND SUBSIDIARIES NAMED IN PARAGRAPH 7 TO THIS FORM,7/11/2024,,,22950074,5.02,NWH,new
2.02409E+15,STATE STREET CORPORATION AND SUBSIDIARIES NAMED IN PARAGRAPH 7 TO THIS FORM,17/09/2024,,,24550727,5.39,NWH,new
2.0241E+15,STATE STREET CORPORATION AND SUBSIDIARIES NAMED IN PARAGRAPH 7 TO THIS FORM,23/10/2024,,,23153865,5.06,NWH,new
2.0241E+15,STATE STREET CORPORATION AND SUBSIDIARIES NAMED IN PARAGRAPH 7 TO THIS FORM,17/10/2024,,,22085927,5.01,NWH,new
2.0241E+15,STATE STREET CORPORATION AND SUBSIDIARIES,7/10/2024,,,23303364,5.1,NWH,new
2.02503E+15,AUSTRALIAN RETIREMENT TRUST PTY LTD ATF AUSTRALIAN RETIREMENT TRUST,28/03/2025,,,22995770,5.03,NWH,new
2.02409E+15,STATE STREET CORPORATION AND SUBSIDIARIES NAMED IN PARAGRAPH 7 TO THIS FORM,19/09/2024,,,23561779,5.18,NWH,new
2.02406E+15,MACQUARIE GROUP LIMITED,18/06/2024,,,7826257,5.36,OEC,new
2.02406E+15,MACQUARIE GROUP LIMITED,27/06/2024,,,7841219,5.37,OEC,new
2.02408E+15,CLEAR PORT AUS PTY LTD,1/08/2024,,,11731751,5.53,OLH,new
2.02403E+15,PERPETUAL LIMITED AND ITS RELATED BODIES CORPORATE,14/03/2024,,,26982859,5.138,RDX,new
2.02402E+15,CLAUDIA WALTERS,6/02/2024,,,41869854,7.97,RDX,new
2.02409E+15,FIL LIMITED,13/09/2024,,,26295972,5.01,RDX,new
2.02402E+15,JON EDWARDS,28/02/2024,,,7500000,5.83,REM,new
2.02402E+15,FIL LIMITED,27/02/2024,,,43508324,5.51,RWC,new
2.02408E+15,STATE STREET CORPORATION AND SUBSIDIARIES NAMED IN PARAGRAPH 7 TO THIS FORM,6/08/2024,,,39525794,5.03,RWC,new
2.02404E+15,STATE STREET CORPORATION AND SUBSIDIARIES NAMED IN ANNEXURES TO THIS FORM,16/04/2024,,,40085957,5.07,RWC,new
2.02404E+15,STATE STREET CORPORATION AND SUBSIDIARIES NAMED IN ANNEXURES TO THIS FORM,2/04/2024,,,39512808,5,RWC,new
2.02403E+15,STATE STREET CORPORATION AND SUBSIDIARIES NAMED IN ANNEXURES TO THIS FORM,28/03/2024,,,39472357,5,RWC,new
2.02402E+15,STATE STREET CORPORATION AND SUBSIDIARIES NAMED IN ANNEXURES TO THIS FORM,28/02/2024,,,39869388,5.05,RWC,new
2.02403E+15,STATE STREET CORPORATION AND SUBSIDIARIES NAMED IN ANNEXURES TO THIS FORM,6/03/2024,,,40700169,5.15,RWC,new
2.02406E+15,MICHAEL REGINALD DOUST,17/06/2024,,,8666942,7.51,SGI,new
2.02406E+15,JES INVESTMENT TRUST,17/06/2024,,,5777961,5.01,SGI,new
2.02407E+15,MATTHEW JINKS MASSY PTY LTD JIREB PTY LTD KRISTIE JINKS LISA JINKS JINKS FAMILY GROUP,3/07/2024,,,23936598,21.41,SKS,new
2.02412E+15,AHRENS GROUP PTY LTD,4/12/2024,,,6333000,5.34,SND,new
2.02503E+15,CITIGROUP GLOBAL MARKETS AUSTRALIA PTY LIMITED,25/03/2025,,,37068546,6.1376,SRG,new
2.02504E+15,VANGUARD GROUP,17/04/2025,,,30288197,5.015,SRG,new
2.02407E+15,DIMENSIONAL ENTITIES,3/07/2024,,,,,SSM,new
2.02409E+15,PINNACLE INVESTMENT MANAGEMENT GROUP LIMITED,26/09/2024,,,31245880,5.07,SSM,new
2.02504E+15,AUSTRALIAN RETIREMENT TRUST PTY LTD ATF AUSTRALIAN RETIREMENT TRUST,2/04/2025,,,32124918,5.215,SSM,new
2.02503E+15,VANGUARD GROUP,11/03/2025,,,30813671,5.003,SSM,new
2.02504E+15,VANGUARD GROUP,17/04/2025,,,31124407,5.053,SSM,new
2.02406E+15,WILSON ASSET MANAGEMENT GROUP,7/06/2024,,,31971847,5.19,SSM,new
2.02411E+15,RAYMOND DANDO,25/11/2024,,,36714891,15.55,SYL,new
2.02411E+15,JOSEPH BARTOLO,25/11/2024,,,73429782,31.02,SYL,new
2.02411E+15,ANDREW FAIRBAIRN,25/11/2024,,,36714891,15.55,SYL,new
2.02405E+15,MARK GABRIEL VARTULI / VARS ENTERPRISES PTY LTD / MEAGAN JOY VARTULI,1/05/2024,,,40120870,18.4,TEA,new
2.02405E+15,STEPHEN ELLIOTT YOUNG / PORT TACK PTY LTD / MARESA PTY LTD,1/05/2024,,,90646956,41.6,TEA,new
2.02403E+15,AWARE SUPER PTY LTD AS TRUSTEE OF AWARE SUPER,28/03/2024,,,43487026,5.06,VNT,new
2.02412E+15,AWARE SUPER PTY LTD AS TRUSTEE OF AWARE SUPER,18/12/2024,,,45118092,5.27,VNT,new
2.02402E+15,AWARE SUPER PTY LTD AS TRUSTEE OF AWARE SUPER,22/02/2024,,,42838519,5.01,VNT,new
2.02504E+15,NORTHCAPE CAPITAL PTY LTD,24/04/2025,,,42183233,5,VNT,new
2.02404E+15,STATE STREET CORPORATION AND SUBSIDIARIES NAMED IN ANNEXURES TO THIS FORM,24/04/2024,,,48329890,5.65,VNT,new
2.02402E+15,AWARE SUPER PTY LTD AS TRUSTEE OF AWARE SUPER,29/02/2024,,,43106837,5.04,VNT,new
2.02403E+15,STATE STREET CORPORATION AND SUBSIDIARIES NAMED IN ANNEXURES TO THIS FORM,19/03/2024,,,43824447,5.12,VNT,new
2.02405E+15,BLACKROCK GROUP,29/05/2024,,,43126842,5.04,VNT,new
2.02405E+15,STATE STREET CORPORATION AND SUBSIDIARIES NAMED IN ANNEXURES TO THIS FORM,14/05/2024,,,45396873,5.31,VNT,new
2.02403E+15,STATE STREET CORPORATION AND SUBSIDIARIES NAMED IN ANNEXURES TO THIS FORM,13/03/2024,,,44984373,5.26,VNT,new
2.02405E+15,BLACKROCK GROUP,14/05/2024,,,42834311,5,VNT,new
2.02409E+15,VANGUARD GROUP,26/09/2024,,,26765760,5.065,WOR,new
2.02405E+15,CITIGROUP GLOBAL MARKETS AUSTRALIA PTY LIMITED,1/05/2024,,,100584829,19.0934,WOR,new
2.02405E+15,L1 CAPITAL PTY LTD AND EACH OF THE ENTITIES SET OUT IN ANNEXURE A,6/05/2024,,,26851222,5.1,WOR,new
2.02412E+15,"LIND GLOBAL FUND II LP (""LGF II"") AND THE LIND PARTNERS LLC (TOGETHER ""LIND"")",12/12/2024,20000000,7.24,17291801,6.22,14D,change
2.02406E+15,PEGASUS GROWTH CAPITAL FUND I LP,24/06/2024,163524968,39.55,191724968,35.32,3DA,change
2.02502E+15,PEGASUS GROWTH CAPITAL FUND I LP,19/02/2025,192124968,31.24,192124968,28.1,3DA,change
2.02409E+15,FIL LIMITED,25/09/2024,30303030,5.6,44656957,7.45,3DA,change
2.02409E+15,PEGASUS GROWTH CAPITAL FUND I LP,25/09/2024,191724968,35.32,192124968,32.05,3DA,change
2.02502E+15,MA FINANCIAL GROUP LIMITED,7/02/2025,19056491,6.65,23556113,8.22,AAL,change
2.02409E+15,MA FINANCIAL GROUP LIMITED,24/09/2024,16000000,5.58,19056491,6.65,AAL,change
2.02501E+15,PERENNIAL VALUE MANAGEMENT LIMITED (PVM),17/01/2025,25467210,957,26251524,835,ACF,change
2.02406E+15,ANDREW MICHAEL CLAYTON SALES,14/06/2024,32499850,13.8,33207707,8.92,AL3,change
2.02409E+15,['ANDREW MICHAEL CLAYTON SALES',20/09/2024,0,0,0,0,AL3,change
2.02409E+15,THORNEY INTERNATIONAL PTY LTD,12/09/2024,121419194,20.7,119666843,19.33,ANG,change
2.02404E+15,THORNEY OPPORTUNITIES LTD,2/04/2024,135160772,23.17,128724994,21.95,ANG,change
2.02405E+15,WILSON ASSET MANAGEMENT GROUP,13/05/2024,51281320,8.75,33868154,5.77,ANG,change
2.02404E+15,THORNEY INTERNATIONAL PTY LTD,2/04/2024,135160772,23.17,128724994,21.95,ANG,change
2.02412E+15,WILSON ASSET MANAGEMENT GROUP,23/12/2024,46376320,7.91,5690440,9.14,ANG,change
2.02406E+15,THORNEY OPPORTUNITIES LTD,18/06/2024,128724994,21.95,121419194,20.7,ANG,change
2.02409E+15,THORNEY OPPORTUNITIES LTD,12/09/2024,121419194,20.7,119666843,19.33,ANG,change
2.02406E+15,THORNEY INTERNATIONAL PTY LTD,18/06/2024,128724994,21.95,121419194,20.7,ANG,change
2.02503E+15,WILSON ASSET MANAGEMENT GROUP,12/03/2025,56690440,9.14,63449488,10.23,ANG,change
2.02408E+15,WILSON ASSET MANAGEMENT GROUP,16/08/2024,39864878,6.8,46376320,7.91,ANG,change
2.02406E+15,WILSON ASSET MANAGEMENT GROUP,11/06/2024,33868154,5.77,39864878,6.8,ANG,change
2.02502E+15,COPIA INVESTMENT PARTNERS LTD,3/02/2025,23642947,6.52,19805000,5.45,ASB,change
2.0241E+15,COPIA INVESTMENT PARTNERS LTD,22/10/2024,18650000,5.15,23642947,6.52,ASB,change
2.02407E+15,COLLINS ST ASSET MANAGEMENT ATF COLLINS ST VALUE FUND,23/07/2024,60054743,14.2,64054743,15.28,BOL,change
2.02405E+15,COLLINS ST ASSET MANAGEMENT ATF COLLINS ST VALUE FUND,22/05/2024,50049802,11.7,60054743,14.2,BOL,change
2.02406E+15,CUMULUS WEALTH,4/06/2024,227669400,9.17,257496960,10.3,BPP,change
2.02405E+15,MR GEOFFREY FREDERICK LORD,22/05/2024,597343285,25.07,676356354,27.05,BPP,change
2.02406E+15,RICHMOND HILL CAPITAL PTY LTD,17/06/2024,18950331,17.28,18950331,16.23,CYG,change
2.02405E+15,VIBURNUM FUNDS PTY LTD,20/05/2024,28999105,26.45,30403284,27.54,CYG,change
2.02504E+15,RICHMOND HILL CAPITAL PTY LTD,30/04/2025,21998075,18.44,23442214,19.65,CYG,change
2.02404E+15,RICHMOND HILL CAPITAL PTY LTD,29/04/2024,18284989,19.8,18950331,17.28,CYG,change
2.02409E+15,RICHMOND HILL CAPITAL PTY LTD,12/09/2024,18950331,16.23,20254979,17.34,CYG,change
2.02404E+15,VIBURNUM FUNDS PTY LTD,26/04/2024,27716775,30.01,28999105,26.45,CYG,change
2.02411E+15,RICHMOND HILL CAPITAL PTY LTD,4/11/2024,20254979,17.34,21998075,18.44,CYG,change
2.02408E+15,AUSTRALIAN MEAT INDUSTRY SUPERANNUATION PTY LTD AS TRUSTEE FOR AMIST,21/08/2024,88909113,63.944,91050048,65.485,DDB,change
2.02408E+15,AUSTRALIAN MEAT INDUSTRY SUPERANNUATION PTY LTD AS TRUSTEE FOR AMIST,15/08/2024,87099903,62.643,88909116,63.945,DDB,change
2.02408E+15,AUSTRALIAN MEAT INDUSTRY SUPERANNUATION PTY LTD,14/08/2024,85686897,61.62,87099903,62.643,DDB,change
2.02408E+15,HARVEST LANE ASSET MANAGEMENT AND ITS ASSOCIATED ENTITIES,12/08/2024,20643074,14.85,22313787,16.05,DDB,change
2.02408E+15,AUSTRALIAN MEAT INDUSTRY SUPERANNUATION PTY LTD,12/08/2024,49792360,35.812,85685894,61.627,DDB,change
2.02408E+15,AUSTRALIAN MEAT INDUSTRY SUPERANNUATION PTY LTD,12/08/2024,49792360,33.812,85685894,61.627,DDB,change
2.02408E+15,HARVEST LANE ASSET MANAGEMENT AND ITS ASSOCIATED ENTITIES,9/08/2024,17788800,12.79,20643074,14.85,DDB,change
2.02408E+15,AUSTRALIAN MEAT INDUSTRY SUPERANNUATION PTY LTD,8/08/2024,47289574,34.012,49792360,35.812,DDB,change
2.02408E+15,HARVEST LANE ASSET MANAGEMENT AND ITS ASSOCIATED ENTITIES,7/08/2024,7148223,5.14,17788800,12.79,DDB,change
2.02408E+15,AUSTRALIAN MEAT INDUSTRY SUPERANNUATION PTY LTD,7/08/2024,27533000,19.8,47289574,34.012,DDB,change
2.02407E+15,AUSTRALIAN MEAT INDUSTRY SUPERANNUATION PTY LTD AS TRUSTEE FOR AMIST,26/07/2024,27633000,19.87,27633000,19.87,DDB,change
2.02408E+15,AUSTRALIAN MEAT INDUSTRY SUPERANNUATION PTY LTD AS TRUSTEE FOR AMIST,22/08/2024,91050048,65.485,92032243,64.337,DDB,change
2.02407E+15,DAVID MATTHEW KINNERSLEY,18/07/2024,16250000,13.78,8524500,6.13,DDB,change
2.02407E+15,GOLDFIRE ENTERPRISES PTY LTD,18/07/2024,21421372,15.92,18834847,13.54,DDB,change
2.02409E+15,AUSTRALIAN MEAT INDUSTRY SUPERANNUATION PTY LTD AS TRUSTEE FOR AMIST,2/09/2024,92032243,64.337,116105764,81.108,DDB,change
2.02409E+15,AUSTRALIAN MEAT INDUSTRY SUPERANNUATION PTY LTD AS TRUSTEE FOR AMIST,4/09/2024,116105764,81.108,117646552,82.185,DDB,change
2.02409E+15,AUSTRALIAN MEAT INDUSTRY SUPERANNUATION PTY LTD AS TRUSTEE FOR AMIST,9/09/2024,117646552,82.185,119138045,83.227,DDB,change
2.02409E+15,AUSTRALIAN MEAT INDUSTRY SUPERANNUATION PTY LTD AS TRUSTEE FOR AMIST,10/09/2024,119138045,83.227,141687376,98.979,DDB,change
2.02504E+15,REGAL FUNDS MANAGEMENT PTY LIMITED,8/04/2025,72503588,8.31,81913263,9.38,DRO,change
2.02504E+15,J P MORGAN CHASE & CO. AND ITS AFFILIATES,1/04/2025,55309920,6.34,45752965,5.24,DRO,change
2.02503E+15,JPMORGAN CHASE & CO. AND ITS AFFILIATES,13/03/2025,46152928,5.29,55309920,6.34,DRO,change
2.02503E+15,REGAL FUNDS MANAGEMENT PTY LIMITED AND ITS ASSOCIATES,12/03/2025,62987745,7.22,72503858,8.31,DRO,change
2.02503E+15,REGAL FUNDS MANAGEMENT PTY LIMITED AND ITS ASSOCIATES,3/03/2025,49623248,5.69,62987745,7.22,DRO,change
2.02403E+15,LONDON CITY EQUITIES LIMITED,28/03/2024,3409326,11.76,3699480,12.76,ECL,change
2.02501E+15,LONDON CITY EQUITIES LIMITED,8/01/2025,3699480,12.76,3991083,13.76,ECL,change
2.02411E+15,GREENCAPE CAPITAL PTY LTD,22/11/2024,24261206,6.5,29658532,7.79,EGL,change
2.02501E+15,CHALLENGER LIMITED,16/01/2025,29658532,7.79,35704882,9.38,EGL,change
2.02408E+15,GREENCAPE CAPITAL PTY LTD,27/08/2024,18724807,5.01,24261206,6.5,EGL,change
2.02501E+15,GREENCAPE CAPITAL PTY LTD,16/01/2025,29658532,7.79,35704882,9.38,EGL,change
2.02408E+15,CHALLENGER LIMITED,27/08/2024,18724807,5.01,24261206,6.5,EGL,change
2.02408E+15,DENISE RICHARDSON,26/08/2024,38016832,10.38,32535382,8.71,EGL,change
2.02502E+15,MIRRABOOKA INVESTMENTS LIMITED,24/02/2025,22208191,6.12,28860476,7.58,EGL,change
2.02411E+15,CHALLENGER LIMITED,22/11/2024,24261206,6.5,29658532,7.79,EGL,change
2.02409E+15,JALIE 2 PTY LTD <JALIE 2 A/C>,19/09/2024,20337247,6.3,28403913,7.46,EGL,change
2.02504E+15,ELPHINSTONE GROUP,7/04/2025,216554707,68.64,216554707,68.53,EGN,change
2.02503E+15,BLACK DIAMOND CAPITAL MANAGEMENT LLC,3/03/2025,205532946,39.85,210735380,40.65,EHL,change
2.02406E+15,BLACK DIAMOND CAPITAL MANAGEMENT LLC,5/06/2024,192573006,37.15,199634737,38.51,EHL,change
2.02412E+15,BLACK DIAMOND CAPITAL MANAGEMENT LLC,18/12/2024,199634797,38.51,205532946,39.55,EHL,change
2.02406E+15,BLACK DIAMOND,4/06/2024,108000000,345,116000000,3715,EHL,change
2.02406E+15,BLACK DIAMOND CAPITAL MANAGEMENT LLC,4/06/2024,187360221,36.1,192573005,37.15,EHL,change
2.02503E+15,EOS LOAN PLAN PTY LTD,26/03/2025,11979343,7.95,10990403,5.7,EOS,change
2.02504E+15,M&G PLC AND ITS SUBSIDIARY COMPANIES,4/04/2025,655518427,13.02,675518427,11.99,FBR,change
2.02408E+15,M&G PLC AND ITS SUBSIDIARY COMPANIES,13/08/2024,489460042,12.33,675518427,14.1,FBR,change
2.02408E+15,HORSLEY PARK HOLDINGS PTY LTD AND BRICKWORKS LIMITED,12/08/2024,655348073,16.49,731676967,15.27,FBR,change
2.02504E+15,MARK JOSEPH PIVAC,4/04/2025,333205167,6.95,333205167,5.91,FBR,change
2.02504E+15,HORSLEY PARK HOLDINGS PTY LTD AND BRICKWORKS LIMITED,4/04/2025,731676967,15.27,731676967,12.99,FBR,change
2.02408E+15,MARK JOSEPH PIVAC,12/08/2024,358205167,8.07,333205167,6.95,FBR,change
2.02412E+15,M&G PLC AND ITS SUBSIDIARY COMPANIES,5/12/2024,675518427,14.1,655518427,13.02,FBR,change
2.02408E+15,ALLAN GRAY GROUP,27/08/2024,110889910,14.161,118775568,15.168,FBU,change
2.02409E+15,SCHRODER INVESTMENT MANAGEMENT AUSTRALIA LTD AND ITS RELATED BODIES CORPORATE,24/09/2024,40247189,5.14,56097620,7.16,FBU,change
2.0241E+15,ALLAN GRAY GROUP,1/10/2024,118775568,15.168,181940961,17.701,FBU,change
2.0241E+15,SCHRODER INVESTMENT MANAGEMENT AUSTRALIA LTD AND ITS RELATED BODIES CORPORATE,3/10/2024,56097620,7.16,80199780,10.24,FBU,change
2.0241E+15,SCHRODER INVESTMENT MANAGEMENT AUSTRALIA LTD AND ITS RELATED BODIES CORPORATE,4/10/2024,56097620,7.16,80199780,7.8,FBU,change
2.02402E+15,ALLAN GRAY GROUP,13/02/2024,93389979,11.927,102821989,13.131,FBU,change
2.02404E+15,ALLAN GRAY GROUP,17/04/2024,102821989,13.131,110889910,14.161,FBU,change
2.02402E+15,SKM INVESTMENT GROUP PTY LTD,27/02/2024,30750000,57.15,30810000,57.26,FOS,change
2.02505E+15,SPHERIA ASSET MANAGEMENT PTY LTD,5/05/2025,20868321,7.87,18094570,6.82,GWA,change
2.02407E+15,PERPETUAL LIMITED AND ITS RELATED BODIES CORPORATE,2/07/2024,40441849,15.249,43151751,16.271,GWA,change
2.02405E+15,PERPETUAL LIMITED AND ITS RELATED BODIES CORPORATE,21/05/2024,36866443,13.901,40441849,15.249,GWA,change
2.02404E+15,PERPETUAL LIMITED AND ITS RELATED BODIES CORPORATE,9/04/2024,31972059,12.055,36866443,13.901,GWA,change
2.02503E+15,PERPETUAL LIMITED AND ITS RELATED BODIES CORPORATE,21/03/2025,43151751,16.271,46036967,17.359,GWA,change
2.02403E+15,SERY GROUP,5/03/2024,29374067,10.83,29374067,9.8,HNG,change
2.02403E+15,AD & MP BEARD ATF AD & MP BEARD SUPERANNUATION FUND,5/03/2024,25694554,9.47,31972332,10.67,HNG,change
2.02403E+15,MR. JAMES ROBERT BALDWIN,5/03/2024,15290656,6.36,15290656,5.1,HNG,change
2.02502E+15,PERENNIAL VALUE MANAGEMENT LIMITED,5/02/2025,44230666,9.28,496607807,10.34,HNG,change
2.02403E+15,SEE ANNEXURE A,26/03/2024,24446578,9,22336578,6.9,HNG,change
2.02504E+15,AD & MP BEARD ATF AD & MP BEARD SUPERANNUATION FUND,29/04/2025,32172332,8.64,37272332,6.85,HNG,change
2.02504E+15,JAMES FAMILY INVESTMENTS LTD,30/04/2025,68000777,14.26,68000777,12.5,HNG,change
2.02408E+15,SEE ANNEXURE A,7/08/2024,24446578,9,17918723,5.5,HNG,change
2.0241E+15,PERENNIAL VALUE MANAGEMENT LIMITED,15/10/2024,31871074,10.64,42230656,9.28,HNG,change
2.02505E+15,PERENNIAL VALUE MANAGEMENT LIMITED,2/05/2025,469867807,1034,66751231,1227,HNG,change
2.02409E+15,AD & MP BEARD ATF AD & MP BEARD SUPERANNUATION FUND,17/09/2024,31972332,10.67,32172332,8.64,HNG,change
2.02407E+15,PERENNIAL VALUE MANAGEMENT LIMITED,1/07/2024,26094900,9.62,31871074,10.64,HNG,change
2.02412E+15,FIRSTCAPE GROUP LIMITED,5/12/2024,51108221,6.138,49429531,5.114,IFT,change
2.02406E+15,COMET RESOURCES LIMITED,13/06/2024,40000000,24.22,32776319,16.93,IG6,change
2.02411E+15,MA FINANCIAL GROUP LIMITED,28/11/2024,5702984,5.5,8852984,8.54,IPG,change
2.02501E+15,MA FINANCIAL GROUP LIMITED,28/01/2025,8852984,8.54,10276024,9.91,IPG,change
2.02409E+15,MOHAMED YOOSUFF AND MARY YOOSUFF,10/09/2024,11284704,10.92,10284704,9.95,IPG,change
2.02408E+15,FISHER FUNDS MANAGEMENT LIMITED,30/08/2024,14020322,5.0339,18080534,6.4917,JLG,change
2.02409E+15,FISHER FUNDS MANAGEMENT LIMITED,24/09/2024,18080534,6.4917,21146605,7.5925,JLG,change
2.02503E+15,['THE CAPITAL GROUP COMPANIES INC',5/03/2025,0,0,0,0,JLG,change
2.02503E+15,THE CAPITAL GROUP COMPANIES INC,3/03/2025,17606087,7.85,19195116,6.82,JLG,change
2.02403E+15,UNIVERSAL-INVESTMENT-GESELLSCHAFT MIT BESCHRÃ„NKTER HAFTUNG,20/03/2024,5851423,5.03,5812789,4.999,LBL,change
2.02411E+15,PPK AUST. PTY LTD,1/11/2024,320849069,50.12,251235441,39.24,LIS,change
2.02412E+15,['WESLEY JON MAAS AND EMMA MARGARET MAAS',5/12/2024,0,0,0,0,MGH,change
2.02408E+15,WESLEY JON MAAS AND EMMA MARGARET MAAS,26/08/2024,191351995,58.67,175057159,53.38,MGH,change
2.02412E+15,VANGUARD GROUP,27/12/2024,4850964,5.035,6037462,6.114,MND,change
2.02403E+15,NAOS SUBSTANTIAL HOLDERS,5/03/2024,10909862,19.82,10005878,18.18,MXI,change
2.02502E+15,SPHERIA ASSET MANAGEMENT PTY LTD,25/02/2025,6435701,11.69,5856894,10.59,MXI,change
2.02502E+15,TELSTRA SUPER PTY LTD AS TRUSTEE FOR TELSTRA SUPERANNUATION SCHEME,24/02/2025,4242484,7.71,3662463,6.62,MXI,change
2.02405E+15,PERPETUAL LIMITED AND ITS RELATED BODIES CORPORATE,21/05/2024,5465833,9.93,6100926,11.06,MXI,change
2.02409E+15,PERPETUAL LIMITED AND ITS RELATED BODIES CORPORATE,3/09/2024,6935313,12.57,4978520,9.026,MXI,change
2.02406E+15,PERPETUAL LIMITED AND ITS RELATED BODIES CORPORATE,3/06/2024,6100926,11.06,6935313,12.57,MXI,change
2.02404E+15,PERPETUAL LIMITED AND ITS RELATED BODIES CORPORATE,4/04/2024,4745911,8.622,5465833,9.93,MXI,change
2.02406E+15,NAOS SUBSTANTIAL HOLDERS,5/06/2024,10005878,18.18,8695731,15.77,MXI,change
2.02504E+15,NAOS SUBSTANTIAL HOLDERS,23/04/2025,10977724,19.9,12063061,21.76,MXI,change
2.02409E+15,NAOS SUBSTANTIAL HOLDERS,5/09/2024,8695731,15.77,10977724,19.9,MXI,change
2.02503E+15,VANGUARD GROUP,13/03/2025,23256528,5.177,28251449,6.179,NWH,change
2.02501E+15,STATE STREET CORPORATION,23/01/2025,22950074,5.02,27710280,6.06,NWH,change
2.02501E+15,AUSTRALIAN RETIREMENT TRUST PTY LTD ATF AUSTRALIAN RETIREMENT TRUST,31/01/2025,28149593,6.157,23576441,5.157,NWH,change
2.02411E+15,AUSTRALIAN RETIREMENT TRUST PTY LTD ATF AUSTRALIAN RETIREMENT TRUST,11/11/2024,22659166,5.001,28149593,6.157,NWH,change
2.02407E+15,COMMONWEALTH BANK OF AUSTRALIA,11/07/2024,13025631,3.99,12187880,3.34,OEC,change
2.02411E+15,COMMONWEALTH BANK OF AUSTRALIA,26/11/2024,10269805,7.03,8758942,6,OEC,change
2.02411E+15,SUPPERANNUATION AND INVESTMENTS HOLDCO PTY LTD,26/11/2024,10269805,7.03,8758942,6,OEC,change
2.02407E+15,SUPERMANUATION AND INVESTMENTS HOLDCO PTY LTD,11/07/2024,13025631,939,12187880,834,OEC,change
2.02412E+15,BONEYARD INVESTMENTS PTY LTD,17/12/2024,22385925,16.13,28439941,17.36,OEC,change
2.02412E+15,UIL LIMITED,16/12/2024,45287679,31.06,54312449,33.05,OEC,change
2.02407E+15,COMMONWEALTH BANK OF AUSTRALIA,24/07/2024,12187888,8.34,10269805,7.03,OEC,change
2.02407E+15,SUPERMANUATION AND INVESTMENTS HOLDIC,24/07/2024,12187880,834,10269805,703,OEC,change
2.02408E+15,WILLIAM LEWIS TIMMS AND CAROLYN JANE TIMMS,1/08/2024,39348428,19.72,39284528,18.53,OLH,change
2.02402E+15,RICHARD CONELIANO,5/02/2024,0,0,70492961,13.43,RDX,change
2.02503E+15,FIL LIMITED,6/03/2025,26295972,5.01,33745059,6.43,RDX,change
2.02405E+15,VALRICH SUPERANNUATION PTY LTD,16/05/2024,15999153,12.43,28499153,17.28,REM,change
2.02402E+15,OMNIVEST PTY LTD ATF THE CLEGG SUPERANNUATION FUND,28/02/2024,7694859,9.67,7888786,6.13,REM,change
2.02402E+15,VALRICH SUPERANNUATION PTY LTD,28/02/2024,14811653,18.36,15999153,12.43,REM,change
2.02402E+15,ADRIAN JOHN HOLLIS,28/02/2024,12814473,16.12,13408422,10.42,REM,change
2.02403E+15,JON EDWARDS,12/03/2024,7500000,5.83,12500000,8.34,REM,change
2.02411E+15,STATE STREET CORPORATION AND SUBSIDIARIES NAMED IN PARAGRAPH 6 TO THIS FORM,11/11/2024,39525794,5.03,47114867,6.04,RWC,change
2.02503E+15,['YARRA CAPITAL MANAGEMENT LIMITED',12/03/2025,53895906,6.82,44466887,5.7,RWC,change
2.02402E+15,YARRA CAPITAL MANAGEMENT LIMITED,26/02/2024,74889341,9.48,66096331,8.37,RWC,change
2.02404E+15,YARRA CAPITAL MANAGEMENT LIMITED ACN 003 376 252,26/04/2024,66096331,8.37,53895906,6.82,RWC,change
2.0241E+15,AUSTRALIANSUPER PTY LTD,17/10/2024,78218339,9.9,85356679,10.94,RWC,change
2.02409E+15,EGP CAPITAL PTY LTD/EGP CONCENTRATED VALUE FUND,5/09/2024,7380000,7.4,7370000,6.38,SGI,change
2.02402E+15,EGP CAPITAL PTY LTD/EGP CONCENTRATED VALUE FUND,22/02/2024,8067286,8.5,7380000,7.4,SGI,change
2.02409E+15,NARELLE EDMUNDS,6/09/2024,8586522,7.44,6645818,5.76,SGI,change
2.02412E+15,STEPHEN MCDONALD,10/12/2024,5818297,6.99,4815864,5.77,SHA,change
2.02412E+15,GERARD MCMAHON,6/12/2024,8442173,10.1,7298115,8.74,SHA,change
2.02409E+15,GERARD MCMAHON,30/09/2024,7737920,11.7,8442173,10.1,SHA,change
2.02407E+15,MICHAEL VAN LEEUWEN,8/07/2024,14782938,17.76,13699307,16.41,SHA,change
2.0241E+15,MICHAEL VAN LEEUWEN,2/10/2024,13699037,16.41,12500126,14.97,SHA,change
2.0241E+15,TIM CAMPBELL,16/10/2024,4875825,5.86,3980352,4.77,SHA,change
2.02411E+15,JOHN DARRYL DRAYTON,26/11/2024,11313938,13.59,10121984,12.12,SHA,change
2.02412E+15,GREG JINKS,9/12/2024,7019167,10.81,14552692,12.99,SKS,change
2.02412E+15,MATTHEW JINKS MASSY PTY LTD JIREB PTY LTD KRISTIE JINKS MATTHEW JINKS LISA JINKS BUNDARAH PTY LTD VOLANTOR SUPERANNUATION FUND PTY LTD PETER JINKS,9/12/2024,23936598,21.41,21029924,18.77,SKS,change
2.02503E+15,MATTHEW JINKS MASSV PTY LTD JIREB PTY LTD KRISTIE JINKS MATTHEW JINKS LISA JINKS BUNDARAH PTY LTD VOLANTOR SUPERANNUATION FUND PTY LTD PETER JINKS,18/03/2025,21029924,18.77,22029924,19.48,SKS,change
2.02503E+15,NAOS SUBSTANTIAL HOLDERS,21/03/2025,21754336,18.56,18940303,15.55,SND,change
2.02503E+15,AHRENS GROUP PTY LTD,27/03/2025,6333000,5.34,8833000,7.25,SND,change
2.02503E+15,NAOS SUBSTANTIAL HOLDERS,28/03/2025,21754336,18.56,18940303,15.55,SND,change
2.02409E+15,TIMOTHY BURNETT,23/09/2024,11686311,10.65,10545869,8.96,SND,change
2.02502E+15,DESMOND BRYANT,12/02/2025,24316811,23.3,24316811,19.7,SND,change
2.02412E+15,[TIMOTHY BURNETT,4/12/2024,10545869,8.96,9016600,7.66,SND,change
2.02411E+15,NAOS SUBSTANTIAL HOLDERS,22/11/2024,24799932,23.05,21754336,18.56,SND,change
2.02409E+15,PERENNIAL VALUE MANAGEMENT LIMITED (PVM),24/09/2024,36410603,7.01,35869503,5.94,SRG,change
2.0241E+15,ALLAN GRAY AUSTRALIA,23/10/2024,78080928,12.68,71761280,11.65,SSM,change
2.02404E+15,ALLAN GRAY AUSTRALIA PTY LTD,22/04/2024,99160930,16.1,91993531,14.94,SSM,change
2.02403E+15,ALLAN GRAY AUSTRALIA PTY LTD,4/03/2024,114884348,18.65,107648504,17.48,SSM,change
2.02409E+15,ALLAN GRAY AUSTRALIA,2/09/2024,84302110,13.69,78080928,12.68,SSM,change
2.02504E+15,ALLAN GRAY AUSTRALIA,3/04/2025,42071496,6.83,34449494,5.59,SSM,change
2.02503E+15,ALLAN GRAY AUSTRALIA PTY LTD,4/03/2025,52938113,8.59,42071496,6.83,SSM,change
2.02408E+15,WILSON ASSET MANAGEMENT GROUP,26/08/2024,31971847,5.19,39116641,6.35,SSM,change
2.02504E+15,TIGA TRADING PTY LTD,16/04/2025,38285000,6.22,31746819,5.15,SSM,change
2.02404E+15,TIGA TRADING PTY LTD,29/04/2024,40806800,7.35,38285000,6.22,SSM,change
2.02411E+15,ALLAN GRAY AUSTRALIA,14/11/2024,71761280,11.65,60343983,9.8,SSM,change
2.02502E+15,ALLAN GRAY AUSTRALIA,19/02/2025,60343983,9.8,52938113,8.59,SSM,change
2.02404E+15,THORNEY OPPORTUNITIES LTD,29/04/2024,40806800,7.35,38285000,6.22,SSM,change
2.02403E+15,ALLAN GRAY AUSTRALIA PTY LTD,21/03/2024,107648504,17.48,99160930,16.1,SSM,change
2.02407E+15,ALLAN GRAY AUSTRALIA,19/07/2024,91993531,14.94,84302110,13.69,SSM,change
2.02504E+15,THORNEY OPPORTUNITIES LTD,16/04/2025,38285000,6.22,31746189,5.15,SSM,change
2.02403E+15,COMMONWEALTH BANK OF AUSTRALIA,27/03/2024,19431542,7.39,16469023,6.24,SXE,change
2.02408E+15,TIGA TRADING PTY LTD,23/08/2024,41200010,15.66,38035965,14.45,SXE,change
2.02404E+15,MITSUBISHI UFJ FINANCIAL GROUP INC,2/04/2024,19968147,7.48,16877190,6.34,SXE,change
2.02403E+15,FIRST SENTIER INVESTORS HOLDINGS PTY LIMITED,28/03/2024,19681477,7.48,16677193,6.34,SXE,change
2.02403E+15,SUPERMANUATION AND INVESTMENTS HOLDCO PTY LTD,27/03/2024,20584664,7.84,16409283,6.24,SXE,change
2.02408E+15,THORNEY OPPORTUNITIES LTD,23/08/2024,41200100,15.66,38035965,14.45,SXE,change
2.02412E+15,BRIAN O'SULLIVAN,12/12/2024,72420779,24.95,64278471,22.14,VBC,change
2.02405E+15,PERENNIAL VALUE MANAGEMENT LIMITED,13/05/2024,14462704,10.65,15836998,11.66,VEE,change
2.02405E+15,PERENNIAL VALUE MANAGEMENT LIMITED,3/05/2024,12851416,94.7,14462704,10.65,VEE,change
2.02402E+15,PERENNIAL VALUE MANAGEMENT LIMITED,27/02/2024,14574478,10.74,12851416,9.47,VEE,change
2.02406E+15,PERENNIAL VALUE MANAGEMENT LIMITED,14/06/2024,15836998,11.66,17285004,12.73,VEE,change
2.02409E+15,PERENNIAL VALUE MANAGEMENT LIMITED,23/09/2024,18663661,13.74,20322511,14.97,VEE,change
2.02407E+15,PERENNIAL VALUE MANAGEMENT LIMITED,16/07/2024,17285004,12.73,18663661,13.74,VEE,change
2.02412E+15,VANGUARD GROUP,30/12/2024,42846863,5.008,51408461,6.009,VNT,change
2.02504E+15,VERITAS SERVICES GROUP LIMITED,7/04/2025,646983,544,5090254,646,VNT,change
2.02412E+15,STATE STREET CORPORATION AND SUBSIDIARIES,30/12/2024,46172857,5.4,55373940,6.47,VNT,change
2.02501E+15,STATE STREET CORPORATION AND SUBSIDIARIES NAMED IN PARAGRAPH 6 TO THIS FORM,22/01/2025,55373940,6.47,46546983,5.44,VNT,change
2.02408E+15,STATE STREET CORPORATION AND SUBSIDIARIES NAMED IN PARAGRAPH 6 TO THIS FORM,16/08/2024,27009807,5.11,32399125,6.14,WOR,change
2.02408E+15,STATE STREET CORPORATION,20/08/2024,32339128,6.14,26501854,5.04,WOR,change
2.02406E+15,STATE STREET CORPORATION AND SUBSIDIARIES,14/06/2024,32701243,6.2,26941336,5.11,WOR,change
2.02406E+15,STATE STREET CORPORATION AND SUBSIDIARIES,7/06/2024,26875681,5.09,32701243,6.2,WOR,change
2.02405E+15,T. ROWE PRICE ASSOCIATES INC,9/05/2024,34748359,6.61,29576839,5.61,WOR,change
2.02405E+15,STATE STREET CORPORATION AND SUBSIDIARIES NAMED IN ANNEXURES TO THIS FORM,24/05/2024,26716897,5.06,32701055,6.2,WOR,change
2.0241E+15,STATE STREET CORPORATION AND SUBSIDIARIES NAMED IN PARAGRAPH 6 TO THIS FORM,4/10/2024,26581854,5.041,32271920,6.121,WOR,change
2.02502E+15,MICHAEL KARL KORBER,25/02/2025,10148683,7.58,8611321,6.13,XRF,change
2.02505E+15,GIOK LAK SIM,2/05/2025,107781137,49.64,108178162,50.42,ZGL,change
2.0241E+15,SIM JUAT KOON,3/10/2024,14569189,6.71,12248474,5.71,ZGL,change
2.02406E+15,FIRST SENTIER INVESTORS HOLDINGS PTY LIMITED,14/06/2024,,,,,ANG,cease
2.02406E+15,MITSUBISHI UFJ FINANCIAL GROUP INC,17/06/2024,,,,,ANG,cease
2.02404E+15,['SUPERANNUATION AND INVESTMENTS HOLDCO PTY LTD'],16/04/2024,,,,,ANG,cease
2.02404E+15,['COMMONWEALTH BANK OF AUSTRALIA',16/04/2024,,,,,ANG,cease
2.02403E+15,PERPETUAL LIMITED AND ITS RELATED BODIES CORPORATE,11/03/2024,,,,,ANG,cease
2.02503E+15,STATE STREET CORPORATION AND SUBSIDIARIES NAMED IN PARAGRAPH 4 TO THIS FORM,19/03/2025,,,,,ASB,cease
2.02503E+15,STATE STREET CORPORATION AND SUBSIDIARIES NAMED IN PARAGRAPH 4 TO THIS FORM,24/03/2025,,,,,ASB,cease
2.02502E+15,[COPIA INVESTMENT PARTNERS LTD,14/02/2025,,,,,ASB,cease
2.02503E+15,CITIGROUP GLOBAL MARKETS AUSTRALIA PTY LIMITED,21/03/2025,,,,,ASB,cease
2.02411E+15,KREO CAPITAL MANAGEMENT PTE LTD,21/11/2024,,,,,BMH,cease
2.02408E+15,JOEL FRANCIS MCKENNA SKIPWORTH,9/08/2024,,,,,DDB,cease
2.02408E+15,LAURENCE COWLEY FREEDMAN,12/08/2024,,,,,DDB,cease
2.02408E+15,GOLDFIRE ENTERPRISES PTY LTD TEMOREX PTY LTD <NITRAM FAMILY A/C>,13/08/2024,,,,,DDB,cease
2.02408E+15,DAVID MATTHEW KINNERSLEY,13/08/2024,,,,,DDB,cease
2.02409E+15,[MARK DAVIS,2/09/2024,,,,,DDB,cease
2.02409E+15,MATTHEW FREEDMAN RANGEHILL HOLDINGS PTY LTD AFT THE CALYPSO FAMILY TRUST,2/09/2024,,,,,DDB,cease
2.02409E+15,HARVEST LANE ASSET MANAGEMENT AND ITS ASSOCIATED ENTITIES,11/09/2024,,,,,DDB,cease
2.02505E+15,STATE STREET CORPORATION,2/05/2025,,,,,DRO,cease
2.02501E+15,JPMORGAN CHASE & CO. AND ITS AFFILIATES,28/01/2025,,,,,DRO,cease
2.02504E+15,JPMORGAN CHASE & CO. AND ITS AFFILIATES,7/04/2025,,,,,DRO,cease
2.02502E+15,STATE STREET CORPORATION AND SUBSIDIARIES NAMED IN PARAGRAPH 4 TO THIS FORM,21/02/2025,,,,,DRO,cease
2.02505E+15,JPMORGAN CHASE & CO. AND ITS AFFILIATES,5/05/2025,,,,,DRO,cease
2.02505E+15,STATE STREET CORPORATION,7/05/2025,,,,,DRO,cease
2.02405E+15,SEE ANNEXURE B,3/05/2024,,,,,ECL,cease
2.02403E+15,[GREENCAPE CAPITAL PTY LTD,14/03/2024,,,,,EGL,cease
2.02403E+15,CHALLENGER LIMITED AND APOLLO GLOBAL MANAGEMENT INC,14/03/2024,,,,,EGL,cease
2.02409E+15,APOLLO GLOBAL MANAGEMENT INC,9/09/2024,,,,,EGL,cease
2.02407E+15,ARCHON CAPITAL MANAGEMENT LLC,31/07/2024,,,,,EOS,cease
2.0241E+15,MITSUBISHI UFJ FINANCIAL GROUP INC,30/10/2024,,,,,GWA,cease
2.0241E+15,FIRST SENTIER INVESTORS HOLDINGS PTY LIMITED,17/10/2024,,,,,GWA,cease
2.0241E+15,FIRST SENTIER INVESTORS HOLDINGS PTY LIMITED,29/10/2024,,,,,GWA,cease
2.02405E+15,SERY GROUP,22/05/2024,,,,,HNG,cease
2.02409E+15,MR. JAMES ROBERT BALDWIN,17/09/2024,,,,,HNG,cease
2.02409E+15,CONSTABLE GROUP,17/09/2024,,,,,HNG,cease
2.02505E+15,H&G HIGH CONVICTION LIMITED,1/05/2025,,,,,HNG,cease
2.02407E+15,ROBERT WILLIAM BENTLEY MORRISON,16/07/2024,,,,,IFT,cease
2.02411E+15,PLATYPUS ASSET MANAGEMENT PTY LTD,26/11/2024,,,,,IPG,cease
2.02404E+15,GEOFFREY THOMAS BACON,26/04/2024,,,,,IPG,cease
2.02505E+15,STATE STREET CORPORATION AND SUBSIDIARIES,2/05/2025,,,,,JLG,cease
2.02503E+15,STATE STREET CORPORATION AND SUBSIDIARIES NAMED IN PARAGRAPH 4 TO THIS FORM,20/03/2025,,,,,JLG,cease
2.02503E+15,AUSTRALIANSUPER PTY LTD,7/03/2025,,,,,JLG,cease
2.02504E+15,STATE STREET CORPORATION AND SUBSIDIARIES NAMED IN PARAGRAPH 4 TO THIS FORM,22/04/2025,,,,,JLG,cease
2.02504E+15,STATE STREET CORPORATION AND SUBSIDIARIES NAMED IN PARAGRAPH 4 TO THIS FORM,28/04/2025,,,,,JLG,cease
2.02502E+15,UBS GROUP AG AND ITS RELATED BODIES CORPORATE,6/02/2025,,,,,JLG,cease
2.02504E+15,[STATE STREET CORPORATION AND SUBSIDIARIES NAMED IN PARAGRAPH 4 TO THIS FORM,4/04/2025,,,,,JLG,cease
2.02502E+15,JPMORGAN CHASE & CO. AND ITS AFFILIATES,7/02/2025,,,,,JLG,cease
2.02503E+15,J P MORGAN CHASE & CO AND ITS AFFILIATES,14/03/2025,,,,,JLG,cease
2.02502E+15,STATE STREET CORPORATION AND SUBSIDIARIES NAMED IN PARAGRAPH 4 TO THIS FORM,24/02/2025,,,,,JLG,cease
2.02405E+15,FIRST SENTIER INVESTORS HOLDINGS PTY LIMITED,20/05/2024,,,,,KOV,cease
2.0241E+15,PHOENIX PORTFOLIOS PTY LTD,2/10/2024,,,,,KOV,cease
2.02405E+15,MITSUBISHI UFJ FINANCIAL GROUP INC,21/05/2024,,,,,KOV,cease
2.02405E+15,SUPANNUATION AND INVESTMENTS HOLDCO PTY LTD,20/05/2024,,,,,KOV,cease
2.02405E+15,COMMONWEALTH BANK OF AUSTRALIA ACN 123 123 124 (CBA) AND ITS RELATED BODIES CORPORATE LISTED IN ANNEXURE A,20/05/2024,,,,,KOV,cease
2.02403E+15,LUALA PTY LTD,28/03/2024,,,,,LYL,cease
2.02408E+15,MAAS GROUP HOLDINGS LIMITED,23/08/2024,,,,,MGH,cease
2.02504E+15,['BLACKROCK GROUP'],28/04/2025,,,,,MND,cease
2.02504E+15,BLACKROCK GROUP,15/04/2025,,,,,MND,cease
2.02503E+15,STATE STREET CORPORATION AND SUBSIDIARIES NAMED IN PARAGRAPH 4 TO THIS FORM,20/03/2025,,,,,MND,cease
2.02409E+15,BLACKROCK GROUP,26/09/2024,,,,,MND,cease
2.02503E+15,STATE STREET CORPORATION AND SUBSIDIARIES,24/03/2025,,,,,MND,cease
2.02409E+15,['BLACKROCK GROUP',12/09/2024,,,,,MND,cease
2.0241E+15,['BLACKROCK GROUP',1/10/2024,,,,,MND,cease
2.02503E+15,STATE STREET CORPORATION AND SUBSIDIARIES NAMED IN PARAGRAPH 4 TO THIS FORM,5/03/2025,,,,,MND,cease
2.02503E+15,ADVANCED SCIENCE & INNOVATION COMPANY (ASIC) LLC,26/03/2025,,,,,MPW,cease
2.02409E+15,[STATE STREET CORPORATION AND SUBSIDIARIES,17/09/2024,,,,,NWH,cease
2.0241E+15,[STATE STREET CORPORATION AND SUBSIDIARIES NAMED IN PARAGRAPH 4 TO THIS FORM,14/10/2024,,,,,NWH,cease
2.02409E+15,[STATE STREET CORPORATION,20/09/2024,,,,,NWH,cease
2.0241E+15,STATE STREET CORPORATION,31/10/2024,,,,,NWH,cease
2.02502E+15,AUSTRALIAN RETIREMENT TRUST PTY LTD ATF AUSTRALIAN RETIREMENT TRUST,6/02/2025,,,,,NWH,cease
2.02409E+15,STATE STREET CORPORATION,10/09/2024,,,,,NWH,cease
2.0241E+15,[STATE STREET CORPORATION AND SUBSIDIARIES NAMED IN PARAGRAPH 4 TO THIS FORM,22/10/2024,,,,,NWH,cease
2.02409E+15,[STATE STREET CORPORATION AND SUBSIDIARIES NAMED IN PARAGRAPH 4 TO THIS FORM,13/09/2024,,,,,NWH,cease
2.02412E+15,[SUPPERANNUATION AND INVESTMENTS HOLDCO PTY LTD,17/12/2024,,,,,OEC,cease
2.02407E+15,MACQUARIE GROUP LIMITED MQG,25/07/2024,,,,,OEC,cease
2.02406E+15,FIRST SENTIER INVESTORS HOLDINGS PTY LIMITED AND ITS RELATED BODIES CORPORATE OR ASSOCIATES LISTED IN ANNEXURE A,19/06/2024,,,,,OEC,cease
2.02412E+15,COMMONWEALTH BANK OF AUSTRALIA ACN 123 123 124 (CBA) AND ITS RELATED BODIES CORPORATE LISTED IN ANNEXURE A,16/12/2024,,,,,OEC,cease
2.02406E+15,MITSUBISHI UFJ FINANCIAL GROUP INC,20/06/2024,,,,,OEC,cease
2.02402E+15,SILVIA CONELIANO,5/02/2024,,,,,RDX,cease
2.02406E+15,PERPETUAL LIMITED AND ITS RELATED BODIES CORPORATE,17/06/2024,,,,,RDX,cease
2.02402E+15,['STATE STREET CORPORATION AND SUBSIDIARIES NAMED IN ANNEXURES TO THIS FORM'],8/02/2024,,,,,RWC,cease
2.02404E+15,STATE STREET CORPORATION AND SUBSIDIARIES NAMED IN ANNEXURES TO THIS FORM,8/04/2024,,,,,RWC,cease
2.02402E+15,[STATE STREET CORPORATION AND SUBSIDIARIES NAMED IN ANNEXURES TO THIS FORM],26/02/2024,,,,,RWC,cease
2.02403E+15,STATE STREET CORPORATION AND SUBSIDIARIES NAMED IN ANNEXURES TO THIS FORM,7/03/2024,,,,,RWC,cease
2.02403E+15,STATE STREET CORPORATION AND SUBSIDIARIES NAMED IN ANNEXURES TO THIS FORM,4/03/2024,,,,,RWC,cease
2.02405E+15,STATE STREET CORPORATION AND SUBSIDIARIES NAMED IN ANNEXURES TO THIS FORM,23/05/2024,,,,,RWC,cease
2.02504E+15,YARRA CAPITAL MANAGEMENT LIMITED,30/04/2025,,,,,RWC,cease
2.02402E+15,STATE STREET CORPORATION AND SUBSIDIARIES NAMED IN ANNEXURES TO THIS FORM,13/02/2024,,,,,RWC,cease
2.02404E+15,STATE STREET CORPORATION AND SUBSIDIARIES,2/04/2024,,,,,RWC,cease
2.02501E+15,NARELLE EDMUNDS,23/01/2025,,,,,SGI,cease
2.02411E+15,EGP CAPITAL PTY LTD/EGP CONCENTRATED VALUE FUND,18/11/2024,,,,,SGI,cease
2.02411E+15,JOSEPHINE HYNES,5/11/2024,,,,,SHA,cease
2.02406E+15,['SCHOLZ INDUSTRIES PTY LTD',3/06/2024,,,,,SKS,cease
2.02409E+15,MANISA NOMINEES PTY LTD & LASKY SUPER FUND A/C,30/09/2024,,,,,SKS,cease
2.02406E+15,COMMONWEALTH BANK OF AUSTRALIA ACN 123 123 124 (CBA) AND ITS RELATED BODIES CORPORATE LISTED IN ANNEXURE A,21/06/2024,,,,,SRG,cease
2.02503E+15,['CITIGROUP GLOBAL MARKETS LIMITED',26/03/2025,,,,,SRG,cease
2.02406E+15,SUPERNANUATION AND INVESTMENTS HOLDCO PTY LTD,21/06/2024,,,,,SRG,cease
2.02409E+15,PERENNIAL VALUE MANAGEMENT LIMITED,30/09/2024,,,,,SRG,cease
2.02405E+15,FIRST SENTIER INVESTORS HOLDINGS PTY LIMITED,30/05/2024,,,,,SRG,cease
2.02505E+15,THORNEY OPPORTUNITIES LTD,2/05/2025,,,,,SSM,cease
2.02504E+15,['AUSTRALIAN RETIREMENT TRUST PTY LTD ATF AUSTRALIAN RETIREMENT TRUST'],24/04/2025,,,,,SSM,cease
2.02504E+15,ALLAN GRAY AUSTRALIA PTY LTD,29/04/2025,,,,,SSM,cease
2.02502E+15,WILSON ASSET MANAGEMENT GROUP,21/02/2025,,,,,SSM,cease
2.02503E+15,VANGUARD GROUP,27/03/2025,,,,,SSM,cease
2.02503E+15,DIMENSIONAL ENTITIES,21/03/2025,,,,,SSM,cease
2.02505E+15,TIGA TRADING PTY LTD,2/05/2025,,,,,SSM,cease
2.02406E+15,COMMONWEALTH BANK OF AUSTRALIA,21/06/2024,,,,,SXE,cease
2.02406E+15,SUPERNANUATION AND INVESTMENTS HOLDCO PTY LTD,21/06/2024,,,,,SXE,cease
2.02406E+15,FIRST SENTIER INVESTORS HOLDINGS PTY LIMITED AND ITS RELATED BODIES CORPORATE OR ASSOCIATES LISTED IN ANNEXURE A,19/06/2024,,,,,SXE,cease
2.02406E+15,['MITSUBISHI UFJ FINANCIAL GROUP INC',20/06/2024,,,,,SXE,cease
2.02411E+15,GFNA BARTLEY FAMILY PTY LTD,15/11/2024,,,,,VBC,cease
2.02404E+15,['STATE STREET CORPORATION AND SUBSIDIARIES NAMED IN ANNEXURES TO THIS FORM'],23/04/2024,,,,,VNT,cease
2.02404E+15,NORTHCAPE CAPITAL PTY LTD,5/04/2024,,,,,VNT,cease
2.02402E+15,['AWARE SUPER PTY LTD AS TRUSTEE OF AWARE SUPER',28/02/2024,,,,,VNT,cease
2.02403E+15,STATE STREET CORPORATION AND SUBSIDIARIES NAMED IN ANNEXURES TO THIS FORM,15/03/2024,,,,,VNT,cease
2.02504E+15,NORTHCAPE CAPITAL PTY LTD,30/04/2025,,,,,VNT,cease
2.02404E+15,['STATE STREET CORPORATION AND SUBSIDIARIES NAMED IN ANNEXURES TO THIS FORM',26/04/2024,,,,,VNT,cease
2.02403E+15,[AWARE SUPER PTY LTD AS TRUSTEE OF AWARE SUPER],22/03/2024,,,,,VNT,cease
2.02504E+15,['AWARE SUPER PTY LTD AS TRUSTEE OF AWARE SUPER',15/04/2025,,,,,VNT,cease
2.02405E+15,[BLACKROCK GROUP],17/05/2024,,,,,VNT,cease
2.02402E+15,REGAL FUNDS MANAGEMENT PTY LTD AND ITS ASSOCIATES,6/02/2024,,,,,VNT,cease
2.02409E+15,[AWARE SUPER PTY LTD AS TRUSTEE OF AWARE SUPER],6/09/2024,,,,,VNT,cease
2.02405E+15,['STATE STREET CORPORATION AND SUBSIDIARIES NAMED IN ANNEXURES TO THIS FORM'],14/05/2024,,,,,VNT,cease
2.02405E+15,STATE STREET CORPORATION AND SUBSIDIARIES NAMED IN ANNEXURES TO THIS FORM,23/05/2024,,,,,VNT,cease
2.02409E+15,STATE STREET CORPORATION AND SUBSIDIARIES,6/09/2024,,,,,VNT,cease
2.02406E+15,STATE STREET CORPORATION AND SUBSIDIARIES,7/06/2024,,,,,VNT,cease
2.02405E+15,['BLACKROCK GROUP',30/05/2024,,,,,VNT,cease
2.02406E+15,STATE STREET CORPORATION AND SUBSIDIARIES NAMED IN ANNEXURES TO THIS FORM,19/06/2024,,,,,VNT,cease
2.02405E+15,['CITIGROUP GLOBAL MARKETS INC',2/05/2024,,,,,WOR,cease
2.02405E+15,DAR AL-HANDASAH CONSULTANTS SHAIR AND PARTNERS HOLDINGS LTD,2/05/2024,,,,,WOR,cease
2.02407E+15,[STATE STREET CORPORATION AND SUBSIDIARIES NAMED IN ANNEXURES TO THIS FORM],9/07/2024,,,,,WOR,cease
2.02407E+15,STATE STREET CORPORATION AND SUBSIDIARIES NAMED IN ANNEXURES TO THIS FORM,30/07/2024,,,,,WOR,cease
2.02408E+15,STATE STREET CORPORATION AND SUBSIDIARIES NAMED IN PARAGRAPH 4 TO THIS FORM,8/08/2024,,,,,WOR,cease
2.02405E+15,STATE STREET CORPORATION AND SUBSIDIARIES NAMED IN ANNEXURES TO THIS FORM,31/05/2024,,,,,WOR,cease
2.02405E+15,[STATE STREET CORPORATION AND SUBSIDIARIES NAMED IN ANNEXURES TO THIS FORM],20/05/2024,,,,,WOR,cease
2.02407E+15,[STATE STREET CORPORATION AND SUBSIDIARIES NAMED IN ANNEXURES TO THIS FORM],4/07/2024,,,,,WOR,cease
2.02406E+15,STATE STREET CORPORATION AND SUBSIDIARIES NAMED IN ANNEXURES TO THIS FORM,19/06/2024,,,,,WOR,cease
2.02405E+15,STATE STREET CORPORATION AND SUBSIDIARIES NAMED IN ANNEXURES TO THIS FORM,28/05/2024,,,,,WOR,cease
2.02405E+15,L1 CAPITAL PTY LTD AND L1 CAPITAL STRATEGIC EQUITY MANAGEMENT PTY LTD,14/05/2024,,,,,WOR,cease
2.02504E+15,['T. ROWE PRICE ASSOCIATES,15/04/2025,,,,,WOR,cease
2.02405E+15,['THE GOLDMAN SACHS GROUP INC',6/05/2024,,,,,WOR,cease
2.02405E+15,STATE STREET CORPORATION AND SUBSIDIARIES,14/05/2024,,,,,WOR,cease
2.0241E+15,['SIM JUAT KOON'],3/10/2024,,,,,ZGL,cease
